,Atlas,Representation,Accuracy,acc_std,F1,f1_std,Precision,prec_std,Recall,rec_stds
0,AAL,ising_cgd,58.67647058823528,8.875764502381196,0.32424630924630926,0.12239814883169482,0.6116666666666667,0.23991317874042126,0.23392857142857143,0.1024103639924262
1,AAL,sFC,67.05882352941177,6.572970103854052,0.5936185383244206,0.11362982447274507,0.6258333333333335,0.09040418500637384,0.5785714285714285,0.1505093393264677
2,AAL,ising_gd,61.06617647058823,16.113220262087054,0.4161227661227661,0.21022072506106718,0.6283333333333332,0.3053276928154405,0.3196428571428571,0.17468083139584278
